{
  "Rag. 00 landing.-2 GET ashy-forest-01cfa521e.1.azurestaticapps.net/assets/index-DOllB97G.js" : {
    "transaction" : "Rag. 00 landing.-2 GET ashy-forest-01cfa521e.1.azurestaticapps.net/assets/index-DOllB97G.js",
    "sampleCount" : 1539,
    "errorCount" : 32,
    "errorPct" : 2.0792723,
    "meanResTime" : 403.43989603638715,
    "medianResTime" : 215.0,
    "minResTime" : 0.0,
    "maxResTime" : 11968.0,
    "pct1ResTime" : 504.0,
    "pct2ResTime" : 1301.0,
    "pct3ResTime" : 4421.199999999993,
    "throughput" : 2.570526632259358,
    "receivedKBytesPerSec" : 151.46726431880626,
    "sentKBytesPerSec" : 1.123344552767617
  },
  "Rag. 00 landing." : {
    "transaction" : "Rag. 00 landing.",
    "sampleCount" : 1463,
    "errorCount" : 40,
    "errorPct" : 2.734108,
    "meanResTime" : 11010.611073137386,
    "medianResTime" : 2558.0,
    "minResTime" : 0.0,
    "maxResTime" : 208338.0,
    "pct1ResTime" : 29639.000000000007,
    "pct2ResTime" : 56890.19999999999,
    "pct3ResTime" : 89427.47999999984,
    "throughput" : 2.128232170782267,
    "receivedKBytesPerSec" : 12461.479877350257,
    "sentKBytesPerSec" : 6.170232775393679
  },
  "Rag. 00 landing.-4 GET ashy-forest-01cfa521e.1.azurestaticapps.net/circle.png" : {
    "transaction" : "Rag. 00 landing.-4 GET ashy-forest-01cfa521e.1.azurestaticapps.net/circle.png",
    "sampleCount" : 1539,
    "errorCount" : 32,
    "errorPct" : 2.0792723,
    "meanResTime" : 139.10461338531508,
    "medianResTime" : 98.0,
    "minResTime" : 0.0,
    "maxResTime" : 12786.0,
    "pct1ResTime" : 156.0,
    "pct2ResTime" : 231.0,
    "pct3ResTime" : 1141.3999999999887,
    "throughput" : 2.570573860988577,
    "receivedKBytesPerSec" : 28.00565234731894,
    "sentKBytesPerSec" : 1.2929761292819932
  },
  "Rag. 00 landing.-3 GET ashy-forest-01cfa521e.1.azurestaticapps.net/ps-logo-placeholder.png" : {
    "transaction" : "Rag. 00 landing.-3 GET ashy-forest-01cfa521e.1.azurestaticapps.net/ps-logo-placeholder.png",
    "sampleCount" : 1539,
    "errorCount" : 32,
    "errorPct" : 2.0792723,
    "meanResTime" : 261.45484080571805,
    "medianResTime" : 105.0,
    "minResTime" : 0.0,
    "maxResTime" : 10076.0,
    "pct1ResTime" : 394.0,
    "pct2ResTime" : 855.0,
    "pct3ResTime" : 3615.7999999999906,
    "throughput" : 2.5705523931692458,
    "receivedKBytesPerSec" : 126.75257299255978,
    "sentKBytesPerSec" : 1.3322950750704856
  },
  "Rag. 01 AskMe." : {
    "transaction" : "Rag. 01 AskMe.",
    "sampleCount" : 1403,
    "errorCount" : 0,
    "errorPct" : 0.0,
    "meanResTime" : 33608.23806129721,
    "medianResTime" : 9465.0,
    "minResTime" : 2114.0,
    "maxResTime" : 300955.0,
    "pct1ResTime" : 103271.20000000001,
    "pct2ResTime" : 128460.19999999997,
    "pct3ResTime" : 194470.08000000013,
    "throughput" : 1.9901273795001275,
    "receivedKBytesPerSec" : 3.4336773073349596,
    "sentKBytesPerSec" : 2.1533800160997476
  },
  "Total" : {
    "transaction" : "Total",
    "sampleCount" : 12007,
    "errorCount" : 200,
    "errorPct" : 1.665695,
    "meanResTime" : 5537.5020404764045,
    "medianResTime" : 272.0,
    "minResTime" : 0.0,
    "maxResTime" : 220720.0,
    "pct1ResTime" : 8989.800000000003,
    "pct2ResTime" : 38071.80000000001,
    "pct3ResTime" : 106732.28000000001,
    "throughput" : 16.868312803452618,
    "receivedKBytesPerSec" : 12051.414802549898,
    "sentKBytesPerSec" : 8.385442697065079
  },
  "Rag. 01 AskMe.-0 OPTIONS ps-backend-app.kindcliff-c9d13748.eastus.azurecontainerapps.io/ask" : {
    "transaction" : "Rag. 01 AskMe.-0 OPTIONS ps-backend-app.kindcliff-c9d13748.eastus.azurecontainerapps.io/ask",
    "sampleCount" : 1441,
    "errorCount" : 0,
    "errorPct" : 0.0,
    "meanResTime" : 14287.562109646076,
    "medianResTime" : 1058.0,
    "minResTime" : 258.0,
    "maxResTime" : 220720.0,
    "pct1ResTime" : 52934.59999999999,
    "pct2ResTime" : 73518.79999999992,
    "pct3ResTime" : 140879.51999999993,
    "throughput" : 2.0547554541565662,
    "receivedKBytesPerSec" : 0.8427707917439042,
    "sentKBytesPerSec" : 1.109648209129474
  },
  "Rag. 00 landing.-0 GET ashy-forest-01cfa521e.1.azurestaticapps.net/" : {
    "transaction" : "Rag. 00 landing.-0 GET ashy-forest-01cfa521e.1.azurestaticapps.net/",
    "sampleCount" : 1544,
    "errorCount" : 39,
    "errorPct" : 2.5259068,
    "meanResTime" : 1311.9170984455952,
    "medianResTime" : 299.0,
    "minResTime" : 0.0,
    "maxResTime" : 21050.0,
    "pct1ResTime" : 1194.5,
    "pct2ResTime" : 15286.75,
    "pct3ResTime" : 15397.1,
    "throughput" : 2.541279330050299,
    "receivedKBytesPerSec" : 1.8699922657834185,
    "sentKBytesPerSec" : 1.2022590089710123
  },
  "Rag. 00 landing.-5 GET ashy-forest-01cfa521e.1.azurestaticapps.net/pet-v2.gif" : {
    "transaction" : "Rag. 00 landing.-5 GET ashy-forest-01cfa521e.1.azurestaticapps.net/pet-v2.gif",
    "sampleCount" : 1463,
    "errorCount" : 33,
    "errorPct" : 2.255639,
    "meanResTime" : 8762.278195488712,
    "medianResTime" : 1592.0,
    "minResTime" : 0.0,
    "maxResTime" : 207495.0,
    "pct1ResTime" : 25162.000000000007,
    "pct2ResTime" : 53018.19999999983,
    "pct3ResTime" : 85255.11999999994,
    "throughput" : 2.133486551597417,
    "receivedKBytesPerSec" : 12230.282892781455,
    "sentKBytesPerSec" : 1.077301678170189
  },
  "Rag. 00 landing.-1 GET ashy-forest-01cfa521e.1.azurestaticapps.net/assets/index-TuOol6EZ.css" : {
    "transaction" : "Rag. 00 landing.-1 GET ashy-forest-01cfa521e.1.azurestaticapps.net/assets/index-TuOol6EZ.css",
    "sampleCount" : 1539,
    "errorCount" : 32,
    "errorPct" : 2.0792723,
    "meanResTime" : 121.97725795971404,
    "medianResTime" : 99.0,
    "minResTime" : 0.0,
    "maxResTime" : 3024.0,
    "pct1ResTime" : 148.0,
    "pct2ResTime" : 236.0,
    "pct3ResTime" : 494.599999999999,
    "throughput" : 2.571273908336341,
    "receivedKBytesPerSec" : 7.828297008241777,
    "sentKBytesPerSec" : 1.1974350879688107
  },
  "Rag. 01 AskMe.-1 POST ps-backend-app.kindcliff-c9d13748.eastus.azurecontainerapps.io/ask" : {
    "transaction" : "Rag. 01 AskMe.-1 POST ps-backend-app.kindcliff-c9d13748.eastus.azurecontainerapps.io/ask",
    "sampleCount" : 1403,
    "errorCount" : 0,
    "errorPct" : 0.0,
    "meanResTime" : 21119.400570206722,
    "medianResTime" : 5052.0,
    "minResTime" : 1783.0,
    "maxResTime" : 211796.0,
    "pct1ResTime" : 68238.20000000001,
    "pct2ResTime" : 109573.79999999999,
    "pct3ResTime" : 166755.4000000001,
    "throughput" : 1.9912458982889194,
    "receivedKBytesPerSec" : 2.6188851994581204,
    "sentKBytesPerSec" : 1.079239720264014
  }
}